{"AVAX-USD": 53.1923268, "BTC-USD": 100808.4092652, "XTZ-USD": 1.66864482}